Workbook

Sheet Test Cases
A1: # | B1: Category | C1: Test Case | D1: Steps | E1: Expected Result | F1: Actual Result | G1: Pass/Fail | H1: Remarks
A2: 1 | B2: A. Functional Suitability | C2: Live location sharing | D2: Driver starts a trip; commuter opens live map | E2: Driver marker updates on commuter's map in near real time
A3: 2 | B3: A. Functional Suitability | C3: Fare calculation — mixed passengers | D3: Enter 2 regular, 1 student, 1 senior/PWD passenger | E3: Fare computed matches official discounted-fare formula
A4: 3 | B4: A. Functional Suitability | C4: Daily Operations accuracy | D4: Driver logs trips, fuel expense, and ends shift | E4: Earnings, expenses, and net income totals match manual calculation
A5: 4 | B5: A. Functional Suitability | C5: Nearby jeepneys / waiting passengers | D5: Commuter opens map with active drivers nearby | E5: Nearby jeepneys and waiting-passenger counts display correctly
A6: 5 | B6: A. Functional Suitability | C6: Trip history accuracy | D6: Complete a trip as driver/commuter | E6: Trip appears in history with correct date, route, and fare
A7: 6 | B7: A. Functional Suitability | C7: Complaint/report submission | D7: Submit a driver/commuter complaint | E7: Report is received and visible in admin dashboard
A8: 7 | B8: B. Performance Efficiency | C8: Cold start time | D8: Launch app from closed state, time to usable home screen | E8: ≤ target threshold (e.g. 3–5s)
A9: 8 | B9: B. Performance Efficiency | C9: Location update latency | D9: Compare driver's actual GPS position vs. map display, timestamp the lag | E9: Update lag within acceptable threshold (e.g. ≤ 5s)
A10: 9 | B10: B. Performance Efficiency | C10: UI responsiveness | D10: Tap through core screens/menus, time to render | E10: No perceptible delay (e.g. ≤ 300ms)
A11: 10 | B11: B. Performance Efficiency | C11: Battery/resource usage during trip | D11: Run active trip tracking for a fixed duration, measure battery/CPU draw | E11: Within acceptable range for a navigation-class app
A12: 11 | B12: C. Usability | C12: First-time task completion | D12: New user attempts core task (book/start trip) with no guidance | E12: Task completed without external help
A13: 12 | B13: C. Usability | C13: Navigation/labeling walkthrough | D13: Traverse all primary screens | E13: Icons/labels/buttons are unambiguous
... A24: 23 | B24: F. Maintainability (admin website) | C24: Verification/incident review workflow | D24: Admin reviews a pending ID verification or incident report | E24: Admin can approve/reject/act in a small number of steps

Sheet Summary
A1: Category | B1: Total | C1: Passed | D1: Failed | E1: Pass Rate | F1: Verbal Interpretation
A2: A. Functional Suitability | B2: 6 | C2: =COUNTIFS('Test Cases'!B:B,A2,'Test Cases'!G:G,"Pass") | D2: =COUNTIFS('Test Cases'!B:B,A2,'Test Cases'!G:G,"Fail") | E2: =IF(B2=0,0,C2/B2) | F2: =IF(E2>=0.9,"Excellent",IF(E2>=0.75,"Very Satisfactory",IF(E2>=0.6,"Satisfactory",IF(E2>=0.4,"Fair","Poor"))))
A3: B. Performance Efficiency | B3: 4 | C3: =COUNTIFS('Test Cases'!B:B,A3,'Test Cases'!G:G,"Pass") | D3: =COUNTIFS('Test Cases'!B:B,A3,'Test Cases'!G:G,"Fail") | E3: =IF(B3=0,0,C3/B3) | F3: =IF(E3>=0.9,"Excellent",IF(E3>=0.75,"Very Satisfactory",IF(E3>=0.6,"Satisfactory",IF(E3>=0.4,"Fair","Poor"))))
A4: C. Usability | B4: 4 | C4: =COUNTIFS('Test Cases'!B:B,A4,'Test Cases'!G:G,"Pass") | D4: =COUNTIFS('Test Cases'!B:B,A4,'Test Cases'!G:G,"Fail") | E4: =IF(B4=0,0,C4/B4) | F4: =IF(E4>=0.9,"Excellent",IF(E4>=0.75,"Very Satisfactory",IF(E4>=0.6,"Satisfactory",IF(E4>=0.4,"Fair","Poor"))))
A5: D. Reliability | B5: 3 | C5: =COUNTIFS('Test Cases'!B:B,A5,'Test Cases'!G:G,"Pass") | D5: =COUNTIFS('Test Cases'!B:B,A5,'Test Cases'!G:G,"Fail") | E5: =IF(B5=0,0,C5/B5) | F5: =IF(E5>=0.9,"Excellent",IF(E5>=0.75,"Very Satisfactory",IF(E5>=0.6,"Satisfactory",IF(E5>=0.4,"Fair","Poor"))))
A6: E. Security | B6: 4 | C6: =COUNTIFS('Test Cases'!B:B,A6,'Test Cases'!G:G,"Pass") | D6: =COUNTIFS('Test Cases'!B:B,A6,'Test Cases'!G:G,"Fail") | E6: =IF(B6=0,0,C6/B6) | F6: =IF(E6>=0.9,"Excellent",IF(E6>=0.75,"Very Satisfactory",IF(E6>=0.6,"Satisfactory",IF(E6>=0.4,"Fair","Poor"))))
A7: F. Maintainability (admin website) | B7: 2 | C7: =COUNTIFS('Test Cases'!B:B,A7,'Test Cases'!G:G,"Pass") | D7: =COUNTIFS('Test Cases'!B:B,A7,'Test Cases'!G:G,"Fail") | E7: =IF(B7=0,0,C7/B7) | F7: =IF(E7>=0.9,"Excellent",IF(E7>=0.75,"Very Satisfactory",IF(E7>=0.6,"Satisfactory",IF(E7>=0.4,"Fair","Poor"))))
A8: Overall | B8: =SUM(B2:B7) | C8: =SUM(C2:C7) | D8: =SUM(D2:D7) | E8: =IF(B8=0,0,C8/B8) | F8: =IF(E8>=0.9,"Excellent",IF(E8>=0.75,"Very Satisfactory",IF(E8>=0.6,"Satisfactory",IF(E8>=0.4,"Fair","Poor"))))
A11: Pass Rate | B11: Verbal Interpretation
A12: 90% – 100% | B12: Excellent
A13: 75% – 89% | B13: Very Satisfactory
A14: 60% – 74% | B14: Satisfactory
A15: 40% – 59% | B15: Fair
A16: Below 40% | B16: Poor
